Heuristic,Puzzle,Depth,Explored Nodes,Max Fringe Size,Elapsed Time,Expanded Nodes
misplaced,"-------------
| 1 | 2 | 8 |
-------------
| 3 | 5 |   |
-------------
| 6 | 7 | 4 |
-------------",13,483,119,0.035676600000442704,182
euclidean,"-------------
| 1 | 2 | 8 |
-------------
| 3 | 5 |   |
-------------
| 6 | 7 | 4 |
-------------",13,335,87,0.0197864000001573,124
manhattan,"-------------
| 1 | 2 | 8 |
-------------
| 3 | 5 |   |
-------------
| 6 | 7 | 4 |
-------------",13,337,93,0.020380800000566524,122
out_of_position,"-------------
| 1 | 2 | 8 |
-------------
| 3 | 5 |   |
-------------
| 6 | 7 | 4 |
-------------",13,331,79,0.021948000001430046,126
misplaced,"-------------
| 3 | 2 | 5 |
-------------
| 4 | 8 | 7 |
-------------
| 6 |   | 1 |
-------------",11,177,49,0.008682299998326926,64
euclidean,"-------------
| 3 | 2 | 5 |
-------------
| 4 | 8 | 7 |
-------------
| 6 |   | 1 |
-------------",11,89,25,0.00298060000204714,32
manhattan,"-------------
| 3 | 2 | 5 |
-------------
| 4 | 8 | 7 |
-------------
| 6 |   | 1 |
-------------",11,97,27,0.002449999999953434,35
out_of_position,"-------------
| 3 | 2 | 5 |
-------------
| 4 | 8 | 7 |
-------------
| 6 |   | 1 |
-------------",11,119,33,0.00458720000096946,43
misplaced,"-------------
| 1 | 5 | 7 |
-------------
| 3 | 2 |   |
-------------
| 4 | 6 | 8 |
-------------",13,417,105,0.030454600000666687,156
euclidean,"-------------
| 1 | 5 | 7 |
-------------
| 3 | 2 |   |
-------------
| 4 | 6 | 8 |
-------------",13,176,48,0.006397499997547129,64
manhattan,"-------------
| 1 | 5 | 7 |
-------------
| 3 | 2 |   |
-------------
| 4 | 6 | 8 |
-------------",13,117,29,0.004352399999334011,44
out_of_position,"-------------
| 1 | 5 | 7 |
-------------
| 3 | 2 |   |
-------------
| 4 | 6 | 8 |
-------------",13,146,36,0.004652199997508433,55
misplaced,"-------------
| 1 | 8 | 2 |
-------------
| 3 | 5 |   |
-------------
| 6 | 4 | 7 |
-------------",11,229,55,0.010343999998440268,87
euclidean,"-------------
| 1 | 8 | 2 |
-------------
| 3 | 5 |   |
-------------
| 6 | 4 | 7 |
-------------",11,165,45,0.008083000000624452,60
manhattan,"-------------
| 1 | 8 | 2 |
-------------
| 3 | 5 |   |
-------------
| 6 | 4 | 7 |
-------------",11,187,49,0.011807899998530047,69
out_of_position,"-------------
| 1 | 8 | 2 |
-------------
| 3 | 5 |   |
-------------
| 6 | 4 | 7 |
-------------",11,159,41,0.010933499997918261,59
misplaced,"-------------
| 4 |   | 2 |
-------------
| 1 | 3 | 5 |
-------------
| 6 | 7 | 8 |
-------------",5,28,10,0.00032389999978477135,9
euclidean,"-------------
| 4 |   | 2 |
-------------
| 1 | 3 | 5 |
-------------
| 6 | 7 | 8 |
-------------",5,17,7,0.0003342000018164981,5
manhattan,"-------------
| 4 |   | 2 |
-------------
| 1 | 3 | 5 |
-------------
| 6 | 7 | 8 |
-------------",5,17,7,0.0005128999982844107,5
out_of_position,"-------------
| 4 |   | 2 |
-------------
| 1 | 3 | 5 |
-------------
| 6 | 7 | 8 |
-------------",5,17,7,0.00026950000028591603,5
misplaced,"-------------
| 1 | 4 | 2 |
-------------
| 7 | 5 | 8 |
-------------
| 3 |   | 6 |
-------------",9,78,22,0.0019008999988727737,28
euclidean,"-------------
| 1 | 4 | 2 |
-------------
| 7 | 5 | 8 |
-------------
| 3 |   | 6 |
-------------",9,48,16,0.0009166999989247415,16
manhattan,"-------------
| 1 | 4 | 2 |
-------------
| 7 | 5 | 8 |
-------------
| 3 |   | 6 |
-------------",9,56,18,0.0010533999993640464,19
out_of_position,"-------------
| 1 | 4 | 2 |
-------------
| 7 | 5 | 8 |
-------------
| 3 |   | 6 |
-------------",9,46,14,0.0008537000030628406,16
misplaced,"-------------
| 3 | 1 | 2 |
-------------
| 7 | 5 |   |
-------------
| 4 | 6 | 8 |
-------------",7,40,12,0.0006304000016825739,14
euclidean,"-------------
| 3 | 1 | 2 |
-------------
| 7 | 5 |   |
-------------
| 4 | 6 | 8 |
-------------",7,29,11,0.0004805999997188337,9
manhattan,"-------------
| 3 | 1 | 2 |
-------------
| 7 | 5 |   |
-------------
| 4 | 6 | 8 |
-------------",7,32,12,0.0005021999968448654,10
out_of_position,"-------------
| 3 | 1 | 2 |
-------------
| 7 | 5 |   |
-------------
| 4 | 6 | 8 |
-------------",7,26,10,0.0007221999985631555,8
misplaced,"-------------
| 4 |   | 2 |
-------------
| 1 | 3 | 5 |
-------------
| 6 | 7 | 8 |
-------------",5,28,10,0.0005220999992161524,9
euclidean,"-------------
| 4 |   | 2 |
-------------
| 1 | 3 | 5 |
-------------
| 6 | 7 | 8 |
-------------",5,17,7,0.0005166000009921845,5
manhattan,"-------------
| 4 |   | 2 |
-------------
| 1 | 3 | 5 |
-------------
| 6 | 7 | 8 |
-------------",5,17,7,0.0002612000025692396,5
out_of_position,"-------------
| 4 |   | 2 |
-------------
| 1 | 3 | 5 |
-------------
| 6 | 7 | 8 |
-------------",5,17,7,0.00025770000138436444,5
misplaced,"-------------
| 1 | 4 | 2 |
-------------
|   | 7 | 5 |
-------------
| 3 | 6 | 8 |
-------------",5,19,7,0.00017430000298190862,6
euclidean,"-------------
| 1 | 4 | 2 |
-------------
|   | 7 | 5 |
-------------
| 3 | 6 | 8 |
-------------",5,19,7,0.0002782000010483898,6
manhattan,"-------------
| 1 | 4 | 2 |
-------------
|   | 7 | 5 |
-------------
| 3 | 6 | 8 |
-------------",5,19,7,0.00043679999726009555,6
out_of_position,"-------------
| 1 | 4 | 2 |
-------------
|   | 7 | 5 |
-------------
| 3 | 6 | 8 |
-------------",5,19,7,0.00026870000147027895,6
misplaced,"-------------
| 2 |   | 5 |
-------------
| 4 | 3 | 8 |
-------------
| 1 | 6 | 7 |
-------------",13,390,102,0.029339199998503318,144
euclidean,"-------------
| 2 |   | 5 |
-------------
| 4 | 3 | 8 |
-------------
| 1 | 6 | 7 |
-------------",13,69,21,0.0028536999998323154,24
manhattan,"-------------
| 2 |   | 5 |
-------------
| 4 | 3 | 8 |
-------------
| 1 | 6 | 7 |
-------------",13,74,22,0.002844300001015654,26
out_of_position,"-------------
| 2 |   | 5 |
-------------
| 4 | 3 | 8 |
-------------
| 1 | 6 | 7 |
-------------",13,124,32,0.0032611000024189707,46
misplaced,"-------------
| 1 | 2 | 5 |
-------------
| 3 | 7 | 8 |
-------------
| 4 |   | 6 |
-------------",11,166,48,0.010429399997519795,59
euclidean,"-------------
| 1 | 2 | 5 |
-------------
| 3 | 7 | 8 |
-------------
| 4 |   | 6 |
-------------",11,91,27,0.0055382999998983,32
manhattan,"-------------
| 1 | 2 | 5 |
-------------
| 3 | 7 | 8 |
-------------
| 4 |   | 6 |
-------------",11,87,25,0.006458399999246467,31
out_of_position,"-------------
| 1 | 2 | 5 |
-------------
| 3 | 7 | 8 |
-------------
| 4 |   | 6 |
-------------",11,94,26,0.01151920000120299,34
misplaced,"-------------
| 1 | 2 | 5 |
-------------
| 3 | 8 | 7 |
-------------
| 6 |   | 4 |
-------------",9,82,22,0.003886499998770887,30
euclidean,"-------------
| 1 | 2 | 5 |
-------------
| 3 | 8 | 7 |
-------------
| 6 |   | 4 |
-------------",9,81,23,0.004839100001845509,29
manhattan,"-------------
| 1 | 2 | 5 |
-------------
| 3 | 8 | 7 |
-------------
| 6 |   | 4 |
-------------",9,88,24,0.006270099998801015,32
out_of_position,"-------------
| 1 | 2 | 5 |
-------------
| 3 | 8 | 7 |
-------------
| 6 |   | 4 |
-------------",9,55,15,0.0024341999996977393,20
misplaced,"-------------
| 2 | 3 | 5 |
-------------
| 1 | 8 | 7 |
-------------
| 6 |   | 4 |
-------------",13,378,91,0.06204839999918477,144
euclidean,"-------------
| 2 | 3 | 5 |
-------------
| 1 | 8 | 7 |
-------------
| 6 |   | 4 |
-------------",13,163,43,0.024174199999833945,60
manhattan,"-------------
| 2 | 3 | 5 |
-------------
| 1 | 8 | 7 |
-------------
| 6 |   | 4 |
-------------",13,163,43,0.01103299999886076,60
out_of_position,"-------------
| 2 | 3 | 5 |
-------------
| 1 | 8 | 7 |
-------------
| 6 |   | 4 |
-------------",13,164,40,0.016004299999622162,62
misplaced,"-------------
| 3 | 1 | 2 |
-------------
|   | 7 | 5 |
-------------
| 4 | 6 | 8 |
-------------",5,23,9,0.0004239999980200082,7
euclidean,"-------------
| 3 | 1 | 2 |
-------------
|   | 7 | 5 |
-------------
| 4 | 6 | 8 |
-------------",5,19,7,0.0006267999997362494,6
manhattan,"-------------
| 3 | 1 | 2 |
-------------
|   | 7 | 5 |
-------------
| 4 | 6 | 8 |
-------------",5,22,8,0.0006896000013512094,7
out_of_position,"-------------
| 3 | 1 | 2 |
-------------
|   | 7 | 5 |
-------------
| 4 | 6 | 8 |
-------------",5,19,7,0.000687400002789218,6
misplaced,"-------------
| 2 | 5 | 8 |
-------------
| 3 | 1 |   |
-------------
| 7 | 4 | 6 |
-------------",17,2241,503,0.8264010999992024,869
euclidean,"-------------
| 2 | 5 | 8 |
-------------
| 3 | 1 |   |
-------------
| 7 | 4 | 6 |
-------------",17,581,147,0.05962350000118022,217
manhattan,"-------------
| 2 | 5 | 8 |
-------------
| 3 | 1 |   |
-------------
| 7 | 4 | 6 |
-------------",17,620,154,0.06465790000220295,233
out_of_position,"-------------
| 2 | 5 | 8 |
-------------
| 3 | 1 |   |
-------------
| 7 | 4 | 6 |
-------------",17,965,217,0.1936191000022518,374
misplaced,"-------------
| 1 |   | 2 |
-------------
| 4 | 7 | 5 |
-------------
| 6 | 3 | 8 |
-------------",13,588,144,0.06582049999997253,222
euclidean,"-------------
| 1 |   | 2 |
-------------
| 4 | 7 | 5 |
-------------
| 6 | 3 | 8 |
-------------",13,331,81,0.020581800003128592,125
manhattan,"-------------
| 1 |   | 2 |
-------------
| 4 | 7 | 5 |
-------------
| 6 | 3 | 8 |
-------------",13,310,76,0.021000299999286653,117
out_of_position,"-------------
| 1 |   | 2 |
-------------
| 4 | 7 | 5 |
-------------
| 6 | 3 | 8 |
-------------",13,349,79,0.0219303999983822,135
misplaced,"-------------
| 6 | 3 | 2 |
-------------
| 7 | 1 | 5 |
-------------
| 4 |   | 8 |
-------------",9,87,25,0.0015985999998520128,31
euclidean,"-------------
| 6 | 3 | 2 |
-------------
| 7 | 1 | 5 |
-------------
| 4 |   | 8 |
-------------",9,41,13,0.0007278000011865515,14
manhattan,"-------------
| 6 | 3 | 2 |
-------------
| 7 | 1 | 5 |
-------------
| 4 |   | 8 |
-------------",9,27,9,0.0004899000014120247,9
out_of_position,"-------------
| 6 | 3 | 2 |
-------------
| 7 | 1 | 5 |
-------------
| 4 |   | 8 |
-------------",9,46,14,0.0008687999979883898,16
misplaced,"-------------
| 1 |   | 2 |
-------------
| 6 | 4 | 5 |
-------------
| 7 | 3 | 8 |
-------------",7,47,15,0.0007691999999224208,16
euclidean,"-------------
| 1 |   | 2 |
-------------
| 6 | 4 | 5 |
-------------
| 7 | 3 | 8 |
-------------",7,36,12,0.0005959999980404973,12
manhattan,"-------------
| 1 |   | 2 |
-------------
| 6 | 4 | 5 |
-------------
| 7 | 3 | 8 |
-------------",7,33,11,0.0006974999996600673,11
out_of_position,"-------------
| 1 |   | 2 |
-------------
| 6 | 4 | 5 |
-------------
| 7 | 3 | 8 |
-------------",7,35,11,0.0005616999987978488,12
misplaced,"-------------
| 1 | 4 | 2 |
-------------
|   | 6 | 5 |
-------------
| 7 | 3 | 8 |
-------------",7,44,14,0.0005727999996452127,15
euclidean,"-------------
| 1 | 4 | 2 |
-------------
|   | 6 | 5 |
-------------
| 7 | 3 | 8 |
-------------",7,33,11,0.0008913000019674655,11
manhattan,"-------------
| 1 | 4 | 2 |
-------------
|   | 6 | 5 |
-------------
| 7 | 3 | 8 |
-------------",7,33,11,0.0005307000028551556,11
out_of_position,"-------------
| 1 | 4 | 2 |
-------------
|   | 6 | 5 |
-------------
| 7 | 3 | 8 |
-------------",7,36,12,0.0012399999977787957,12
misplaced,"-------------
| 1 | 4 | 2 |
-------------
| 3 | 8 | 7 |
-------------
| 6 |   | 5 |
-------------",7,36,12,0.0004597000006469898,12
euclidean,"-------------
| 1 | 4 | 2 |
-------------
| 3 | 8 | 7 |
-------------
| 6 |   | 5 |
-------------",7,37,13,0.0006936999998288229,12
manhattan,"-------------
| 1 | 4 | 2 |
-------------
| 3 | 8 | 7 |
-------------
| 6 |   | 5 |
-------------",7,43,13,0.0008230000021285377,15
out_of_position,"-------------
| 1 | 4 | 2 |
-------------
| 3 | 8 | 7 |
-------------
| 6 |   | 5 |
-------------",7,29,11,0.0005273000024317298,9
misplaced,"-------------
| 3 | 1 | 2 |
-------------
|   | 4 | 5 |
-------------
| 6 | 7 | 8 |
-------------",1,5,3,4.360000093583949e-05,1
euclidean,"-------------
| 3 | 1 | 2 |
-------------
|   | 4 | 5 |
-------------
| 6 | 7 | 8 |
-------------",1,5,3,7.800000093993731e-05,1
manhattan,"-------------
| 3 | 1 | 2 |
-------------
|   | 4 | 5 |
-------------
| 6 | 7 | 8 |
-------------",1,5,3,0.00011910000102943741,1
out_of_position,"-------------
| 3 | 1 | 2 |
-------------
|   | 4 | 5 |
-------------
| 6 | 7 | 8 |
-------------",1,5,3,5.560000136028975e-05,1
misplaced,"-------------
| 1 |   | 2 |
-------------
| 7 | 4 | 5 |
-------------
| 3 | 6 | 8 |
-------------",7,51,17,0.000787799999670824,17
euclidean,"-------------
| 1 |   | 2 |
-------------
| 7 | 4 | 5 |
-------------
| 3 | 6 | 8 |
-------------",7,38,12,0.0007043000005069189,13
manhattan,"-------------
| 1 |   | 2 |
-------------
| 7 | 4 | 5 |
-------------
| 3 | 6 | 8 |
-------------",7,38,12,0.0006510999992315192,13
out_of_position,"-------------
| 1 |   | 2 |
-------------
| 7 | 4 | 5 |
-------------
| 3 | 6 | 8 |
-------------",7,38,12,0.0006076000026951078,13
misplaced,"-------------
| 1 | 5 | 7 |
-------------
| 3 | 2 |   |
-------------
| 6 | 8 | 4 |
-------------",11,182,48,0.006066199999622768,67
euclidean,"-------------
| 1 | 5 | 7 |
-------------
| 3 | 2 |   |
-------------
| 6 | 8 | 4 |
-------------",11,114,32,0.003032500000699656,41
manhattan,"-------------
| 1 | 5 | 7 |
-------------
| 3 | 2 |   |
-------------
| 6 | 8 | 4 |
-------------",11,95,27,0.003071200000704266,34
out_of_position,"-------------
| 1 | 5 | 7 |
-------------
| 3 | 2 |   |
-------------
| 6 | 8 | 4 |
-------------",11,104,28,0.0025402999999641906,38
misplaced,"-------------
| 3 | 1 | 2 |
-------------
|   | 7 | 5 |
-------------
| 4 | 6 | 8 |
-------------",5,23,9,0.00026499999876250513,7
euclidean,"-------------
| 3 | 1 | 2 |
-------------
|   | 7 | 5 |
-------------
| 4 | 6 | 8 |
-------------",5,19,7,0.00041340000097989105,6
manhattan,"-------------
| 3 | 1 | 2 |
-------------
|   | 7 | 5 |
-------------
| 4 | 6 | 8 |
-------------",5,22,8,0.0005284000035317149,7
out_of_position,"-------------
| 3 | 1 | 2 |
-------------
|   | 7 | 5 |
-------------
| 4 | 6 | 8 |
-------------",5,19,7,0.0003724000016518403,6
misplaced,"-------------
| 4 | 3 | 2 |
-------------
|   | 7 | 5 |
-------------
| 1 | 6 | 8 |
-------------",9,108,30,0.0027472000001580454,39
euclidean,"-------------
| 4 | 3 | 2 |
-------------
|   | 7 | 5 |
-------------
| 1 | 6 | 8 |
-------------",9,51,17,0.0026060000018333085,17
manhattan,"-------------
| 4 | 3 | 2 |
-------------
|   | 7 | 5 |
-------------
| 1 | 6 | 8 |
-------------",9,42,14,0.0007680000016989652,14
out_of_position,"-------------
| 4 | 3 | 2 |
-------------
|   | 7 | 5 |
-------------
| 1 | 6 | 8 |
-------------",9,55,17,0.0010581999995338265,19
misplaced,"-------------
| 5 |   | 1 |
-------------
| 3 | 4 | 2 |
-------------
| 6 | 7 | 8 |
-------------",9,118,30,0.003064299999095965,44
euclidean,"-------------
| 5 |   | 1 |
-------------
| 3 | 4 | 2 |
-------------
| 6 | 7 | 8 |
-------------",9,77,23,0.0031218999974953476,27
manhattan,"-------------
| 5 |   | 1 |
-------------
| 3 | 4 | 2 |
-------------
| 6 | 7 | 8 |
-------------",9,84,26,0.0018831000015779864,29
out_of_position,"-------------
| 5 |   | 1 |
-------------
| 3 | 4 | 2 |
-------------
| 6 | 7 | 8 |
-------------",9,97,25,0.0022782000014558434,36
misplaced,"-------------
| 3 | 1 | 2 |
-------------
| 7 | 6 |   |
-------------
| 4 | 8 | 5 |
-------------",9,78,21,0.001637599998502992,29
euclidean,"-------------
| 3 | 1 | 2 |
-------------
| 7 | 6 |   |
-------------
| 4 | 8 | 5 |
-------------",9,52,16,0.001089900000806665,18
manhattan,"-------------
| 3 | 1 | 2 |
-------------
| 7 | 6 |   |
-------------
| 4 | 8 | 5 |
-------------",9,53,17,0.0010015000007115304,18
out_of_position,"-------------
| 3 | 1 | 2 |
-------------
| 7 | 6 |   |
-------------
| 4 | 8 | 5 |
-------------",9,42,12,0.0007665000011911616,15
misplaced,"-------------
| 3 | 1 | 2 |
-------------
|   | 4 | 5 |
-------------
| 6 | 7 | 8 |
-------------",1,5,3,7.750000077066943e-05,1
euclidean,"-------------
| 3 | 1 | 2 |
-------------
|   | 4 | 5 |
-------------
| 6 | 7 | 8 |
-------------",1,5,3,0.00012559999959194101,1
manhattan,"-------------
| 3 | 1 | 2 |
-------------
|   | 4 | 5 |
-------------
| 6 | 7 | 8 |
-------------",1,5,3,0.00011989999984507449,1
out_of_position,"-------------
| 3 | 1 | 2 |
-------------
|   | 4 | 5 |
-------------
| 6 | 7 | 8 |
-------------",1,5,3,8.50000033096876e-05,1
misplaced,"-------------
| 5 |   | 2 |
-------------
| 1 | 4 | 3 |
-------------
| 6 | 7 | 8 |
-------------",13,542,130,0.051751399998465786,206
euclidean,"-------------
| 5 |   | 2 |
-------------
| 1 | 4 | 3 |
-------------
| 6 | 7 | 8 |
-------------",13,244,66,0.012197000000014668,89
manhattan,"-------------
| 5 |   | 2 |
-------------
| 1 | 4 | 3 |
-------------
| 6 | 7 | 8 |
-------------",13,216,60,0.012582999999722233,78
out_of_position,"-------------
| 5 |   | 2 |
-------------
| 1 | 4 | 3 |
-------------
| 6 | 7 | 8 |
-------------",13,297,75,0.01649179999731132,111
misplaced,"-------------
| 1 |   | 2 |
-------------
| 6 | 4 | 5 |
-------------
| 7 | 3 | 8 |
-------------",7,47,15,0.0007791999996697996,16
euclidean,"-------------
| 1 |   | 2 |
-------------
| 6 | 4 | 5 |
-------------
| 7 | 3 | 8 |
-------------",7,36,12,0.0007535000004281756,12
manhattan,"-------------
| 1 |   | 2 |
-------------
| 6 | 4 | 5 |
-------------
| 7 | 3 | 8 |
-------------",7,33,11,0.0007495999998354819,11
out_of_position,"-------------
| 1 |   | 2 |
-------------
| 6 | 4 | 5 |
-------------
| 7 | 3 | 8 |
-------------",7,35,11,0.000931700000364799,12
misplaced,"-------------
| 1 |   | 4 |
-------------
| 7 | 5 | 2 |
-------------
| 3 | 6 | 8 |
-------------",9,89,29,0.0018667000003915746,30
euclidean,"-------------
| 1 |   | 4 |
-------------
| 7 | 5 | 2 |
-------------
| 3 | 6 | 8 |
-------------",9,51,17,0.0009921999990183394,17
manhattan,"-------------
| 1 |   | 4 |
-------------
| 7 | 5 | 2 |
-------------
| 3 | 6 | 8 |
-------------",9,44,14,0.0007970000006025657,15
out_of_position,"-------------
| 1 |   | 4 |
-------------
| 7 | 5 | 2 |
-------------
| 3 | 6 | 8 |
-------------",9,48,14,0.0008389999966311734,17
misplaced,"-------------
| 1 | 4 | 2 |
-------------
| 6 | 3 | 5 |
-------------
| 7 |   | 8 |
-------------",5,19,7,0.00020869999934802763,6
euclidean,"-------------
| 1 | 4 | 2 |
-------------
| 6 | 3 | 5 |
-------------
| 7 |   | 8 |
-------------",5,19,7,0.0005694999999832362,6
manhattan,"-------------
| 1 | 4 | 2 |
-------------
| 6 | 3 | 5 |
-------------
| 7 |   | 8 |
-------------",5,19,7,0.00048009999954956584,6
out_of_position,"-------------
| 1 | 4 | 2 |
-------------
| 6 | 3 | 5 |
-------------
| 7 |   | 8 |
-------------",5,19,7,0.0005000999990443233,6
misplaced,"-------------
| 1 | 4 | 2 |
-------------
| 3 | 5 |   |
-------------
| 6 | 7 | 8 |
-------------",3,12,6,0.0001993000005313661,3
euclidean,"-------------
| 1 | 4 | 2 |
-------------
| 3 | 5 |   |
-------------
| 6 | 7 | 8 |
-------------",3,12,6,0.00032619999910821207,3
manhattan,"-------------
| 1 | 4 | 2 |
-------------
| 3 | 5 |   |
-------------
| 6 | 7 | 8 |
-------------",3,12,6,0.0002010000025620684,3
out_of_position,"-------------
| 1 | 4 | 2 |
-------------
| 3 | 5 |   |
-------------
| 6 | 7 | 8 |
-------------",3,12,6,0.0002710999979171902,3
misplaced,"-------------
| 7 | 3 | 2 |
-------------
| 4 | 1 | 5 |
-------------
| 6 |   | 8 |
-------------",11,245,63,0.013887800003431039,91
euclidean,"-------------
| 7 | 3 | 2 |
-------------
| 4 | 1 | 5 |
-------------
| 6 |   | 8 |
-------------",11,119,35,0.00433809999958612,42
manhattan,"-------------
| 7 | 3 | 2 |
-------------
| 4 | 1 | 5 |
-------------
| 6 |   | 8 |
-------------",11,95,27,0.0023094999996828847,34
out_of_position,"-------------
| 7 | 3 | 2 |
-------------
| 4 | 1 | 5 |
-------------
| 6 |   | 8 |
-------------",11,120,30,0.0032986000005621463,45
misplaced,"-------------
| 2 |   | 5 |
-------------
| 1 | 3 | 4 |
-------------
| 6 | 7 | 8 |
-------------",7,46,14,0.0006920000014360994,16
euclidean,"-------------
| 2 |   | 5 |
-------------
| 1 | 3 | 4 |
-------------
| 6 | 7 | 8 |
-------------",7,22,8,0.0004070000031788368,7
manhattan,"-------------
| 2 |   | 5 |
-------------
| 1 | 3 | 4 |
-------------
| 6 | 7 | 8 |
-------------",7,27,9,0.00039879999894765206,9
out_of_position,"-------------
| 2 |   | 5 |
-------------
| 1 | 3 | 4 |
-------------
| 6 | 7 | 8 |
-------------",7,24,8,0.0003284999984316528,8
misplaced,"-------------
| 4 | 3 | 2 |
-------------
| 1 | 7 | 5 |
-------------
| 6 |   | 8 |
-------------",7,52,16,0.0006901000015204772,18
euclidean,"-------------
| 4 | 3 | 2 |
-------------
| 1 | 7 | 5 |
-------------
| 6 |   | 8 |
-------------",7,32,12,0.000788100001955172,10
manhattan,"-------------
| 4 | 3 | 2 |
-------------
| 1 | 7 | 5 |
-------------
| 6 |   | 8 |
-------------",7,32,12,0.000588800001423806,10
out_of_position,"-------------
| 4 | 3 | 2 |
-------------
| 1 | 7 | 5 |
-------------
| 6 |   | 8 |
-------------",7,32,12,0.0005032999979448505,10
misplaced,"-------------
| 3 |   | 2 |
-------------
| 6 | 1 | 5 |
-------------
| 7 | 4 | 8 |
-------------",5,19,7,0.00017460000162827782,6
euclidean,"-------------
| 3 |   | 2 |
-------------
| 6 | 1 | 5 |
-------------
| 7 | 4 | 8 |
-------------",5,19,7,0.0002701999983401038,6
manhattan,"-------------
| 3 |   | 2 |
-------------
| 6 | 1 | 5 |
-------------
| 7 | 4 | 8 |
-------------",5,19,7,0.0002473999993526377,6
out_of_position,"-------------
| 3 |   | 2 |
-------------
| 6 | 1 | 5 |
-------------
| 7 | 4 | 8 |
-------------",5,19,7,0.0004312999990361277,6
misplaced,"-------------
| 3 | 1 | 2 |
-------------
|   | 4 | 5 |
-------------
| 6 | 7 | 8 |
-------------",1,5,3,6.679999933112413e-05,1
euclidean,"-------------
| 3 | 1 | 2 |
-------------
|   | 4 | 5 |
-------------
| 6 | 7 | 8 |
-------------",1,5,3,7.900000127847306e-05,1
manhattan,"-------------
| 3 | 1 | 2 |
-------------
|   | 4 | 5 |
-------------
| 6 | 7 | 8 |
-------------",1,5,3,6.269999721553177e-05,1
out_of_position,"-------------
| 3 | 1 | 2 |
-------------
|   | 4 | 5 |
-------------
| 6 | 7 | 8 |
-------------",1,5,3,7.879999975557439e-05,1
misplaced,"-------------
| 1 | 2 | 5 |
-------------
| 3 | 7 | 4 |
-------------
| 6 |   | 8 |
-------------",5,17,7,0.00014989999908721074,5
euclidean,"-------------
| 1 | 2 | 5 |
-------------
| 3 | 7 | 4 |
-------------
| 6 |   | 8 |
-------------",5,17,7,0.00047930000073392875,5
manhattan,"-------------
| 1 | 2 | 5 |
-------------
| 3 | 7 | 4 |
-------------
| 6 |   | 8 |
-------------",5,25,9,0.0004664999978558626,8
out_of_position,"-------------
| 1 | 2 | 5 |
-------------
| 3 | 7 | 4 |
-------------
| 6 |   | 8 |
-------------",5,17,7,0.00028049999673385173,5
misplaced,"-------------
| 3 | 5 | 1 |
-------------
|   | 4 | 2 |
-------------
| 6 | 7 | 8 |
-------------",7,51,17,0.0006769999999960419,17
euclidean,"-------------
| 3 | 5 | 1 |
-------------
|   | 4 | 2 |
-------------
| 6 | 7 | 8 |
-------------",7,38,12,0.0006864000024506822,13
manhattan,"-------------
| 3 | 5 | 1 |
-------------
|   | 4 | 2 |
-------------
| 6 | 7 | 8 |
-------------",7,38,12,0.0005992000005790032,13
out_of_position,"-------------
| 3 | 5 | 1 |
-------------
|   | 4 | 2 |
-------------
| 6 | 7 | 8 |
-------------",7,38,12,0.0009926999991876073,13
misplaced,"-------------
| 2 | 3 | 5 |
-------------
| 1 | 4 | 8 |
-------------
| 6 |   | 7 |
-------------",11,171,48,0.00515580000137561,62
euclidean,"-------------
| 2 | 3 | 5 |
-------------
| 1 | 4 | 8 |
-------------
| 6 |   | 7 |
-------------",11,89,27,0.0022401000023819506,31
manhattan,"-------------
| 2 | 3 | 5 |
-------------
| 1 | 4 | 8 |
-------------
| 6 |   | 7 |
-------------",11,93,27,0.0021656000026268885,33
out_of_position,"-------------
| 2 | 3 | 5 |
-------------
| 1 | 4 | 8 |
-------------
| 6 |   | 7 |
-------------",11,104,28,0.0025507999998808373,38
misplaced,"-------------
| 2 | 5 | 4 |
-------------
| 1 | 8 |   |
-------------
| 6 | 3 | 7 |
-------------",13,392,96,0.03275650000068708,148
euclidean,"-------------
| 2 | 5 | 4 |
-------------
| 1 | 8 |   |
-------------
| 6 | 3 | 7 |
-------------",13,93,27,0.004595700000209035,33
manhattan,"-------------
| 2 | 5 | 4 |
-------------
| 1 | 8 |   |
-------------
| 6 | 3 | 7 |
-------------",13,92,26,0.004520899998169625,33
out_of_position,"-------------
| 2 | 5 | 4 |
-------------
| 1 | 8 |   |
-------------
| 6 | 3 | 7 |
-------------",13,117,31,0.004548099997919053,43
misplaced,"-------------
| 3 | 1 | 5 |
-------------
|   | 2 | 4 |
-------------
| 6 | 7 | 8 |
-------------",7,50,14,0.0009677000016381498,18
euclidean,"-------------
| 3 | 1 | 5 |
-------------
|   | 2 | 4 |
-------------
| 6 | 7 | 8 |
-------------",7,36,12,0.0007003999999142252,12
manhattan,"-------------
| 3 | 1 | 5 |
-------------
|   | 2 | 4 |
-------------
| 6 | 7 | 8 |
-------------",7,39,13,0.0018697999985306524,13
out_of_position,"-------------
| 3 | 1 | 5 |
-------------
|   | 2 | 4 |
-------------
| 6 | 7 | 8 |
-------------",7,39,13,0.0007422999988193624,13
misplaced,"-------------
| 3 | 1 | 4 |
-------------
|   | 5 | 2 |
-------------
| 6 | 7 | 8 |
-------------",7,45,15,0.000574500001675915,15
euclidean,"-------------
| 3 | 1 | 4 |
-------------
|   | 5 | 2 |
-------------
| 6 | 7 | 8 |
-------------",7,28,10,0.0004679000012401957,9
manhattan,"-------------
| 3 | 1 | 4 |
-------------
|   | 5 | 2 |
-------------
| 6 | 7 | 8 |
-------------",7,31,11,0.0006082999971113168,10
out_of_position,"-------------
| 3 | 1 | 4 |
-------------
|   | 5 | 2 |
-------------
| 6 | 7 | 8 |
-------------",7,33,11,0.0005032000008213799,11
misplaced,"-------------
| 1 | 4 | 2 |
-------------
|   | 7 | 5 |
-------------
| 3 | 6 | 8 |
-------------",5,19,7,0.0001726000009512063,6
euclidean,"-------------
| 1 | 4 | 2 |
-------------
|   | 7 | 5 |
-------------
| 3 | 6 | 8 |
-------------",5,19,7,0.0002747999969869852,6
manhattan,"-------------
| 1 | 4 | 2 |
-------------
|   | 7 | 5 |
-------------
| 3 | 6 | 8 |
-------------",5,19,7,0.00026509999952395447,6
out_of_position,"-------------
| 1 | 4 | 2 |
-------------
|   | 7 | 5 |
-------------
| 3 | 6 | 8 |
-------------",5,19,7,0.0004153000008955132,6
misplaced,"-------------
| 1 | 4 | 2 |
-------------
| 6 | 3 | 5 |
-------------
| 7 |   | 8 |
-------------",5,19,7,0.00029599999834317714,6
euclidean,"-------------
| 1 | 4 | 2 |
-------------
| 6 | 3 | 5 |
-------------
| 7 |   | 8 |
-------------",5,19,7,0.00031520000266027637,6
manhattan,"-------------
| 1 | 4 | 2 |
-------------
| 6 | 3 | 5 |
-------------
| 7 |   | 8 |
-------------",5,19,7,0.0002554000020609237,6
out_of_position,"-------------
| 1 | 4 | 2 |
-------------
| 6 | 3 | 5 |
-------------
| 7 |   | 8 |
-------------",5,19,7,0.00024250000205938704,6
misplaced,"-------------
| 4 |   | 2 |
-------------
| 1 | 3 | 5 |
-------------
| 6 | 7 | 8 |
-------------",5,28,10,0.00028620000011869706,9
euclidean,"-------------
| 4 |   | 2 |
-------------
| 1 | 3 | 5 |
-------------
| 6 | 7 | 8 |
-------------",5,17,7,0.00030340000012074597,5
manhattan,"-------------
| 4 |   | 2 |
-------------
| 1 | 3 | 5 |
-------------
| 6 | 7 | 8 |
-------------",5,17,7,0.00028029999884893186,5
out_of_position,"-------------
| 4 |   | 2 |
-------------
| 1 | 3 | 5 |
-------------
| 6 | 7 | 8 |
-------------",5,17,7,0.00023080000028130598,5
misplaced,"-------------
| 6 | 3 | 1 |
-------------
|   | 5 | 2 |
-------------
| 7 | 4 | 8 |
-------------",9,59,17,0.0008524000004399568,21
euclidean,"-------------
| 6 | 3 | 1 |
-------------
|   | 5 | 2 |
-------------
| 7 | 4 | 8 |
-------------",9,27,9,0.00042350000148871914,9
manhattan,"-------------
| 6 | 3 | 1 |
-------------
|   | 5 | 2 |
-------------
| 7 | 4 | 8 |
-------------",9,30,10,0.00043029999869759195,10
out_of_position,"-------------
| 6 | 3 | 1 |
-------------
|   | 5 | 2 |
-------------
| 7 | 4 | 8 |
-------------",9,48,14,0.0009083000004466157,17
misplaced,"-------------
| 3 |   | 1 |
-------------
| 4 | 5 | 2 |
-------------
| 6 | 7 | 8 |
-------------",5,19,7,0.00018879999697674066,6
euclidean,"-------------
| 3 |   | 1 |
-------------
| 4 | 5 | 2 |
-------------
| 6 | 7 | 8 |
-------------",5,19,7,0.0002773000014713034,6
manhattan,"-------------
| 3 |   | 1 |
-------------
| 4 | 5 | 2 |
-------------
| 6 | 7 | 8 |
-------------",5,19,7,0.00033999999868683517,6
out_of_position,"-------------
| 3 |   | 1 |
-------------
| 4 | 5 | 2 |
-------------
| 6 | 7 | 8 |
-------------",5,19,7,0.0002492000021447893,6
misplaced,"-------------
| 1 |   | 2 |
-------------
| 3 | 4 | 5 |
-------------
| 6 | 7 | 8 |
-------------",1,5,3,7.339999865507707e-05,1
euclidean,"-------------
| 1 |   | 2 |
-------------
| 3 | 4 | 5 |
-------------
| 6 | 7 | 8 |
-------------",1,5,3,0.0001526000014564488,1
manhattan,"-------------
| 1 |   | 2 |
-------------
| 3 | 4 | 5 |
-------------
| 6 | 7 | 8 |
-------------",1,5,3,6.86999992467463e-05,1
out_of_position,"-------------
| 1 |   | 2 |
-------------
| 3 | 4 | 5 |
-------------
| 6 | 7 | 8 |
-------------",1,5,3,8.909999814932235e-05,1
misplaced,"-------------
| 3 | 1 | 2 |
-------------
| 7 | 6 |   |
-------------
| 4 | 8 | 5 |
-------------",9,78,21,0.0013939999989815988,29
euclidean,"-------------
| 3 | 1 | 2 |
-------------
| 7 | 6 |   |
-------------
| 4 | 8 | 5 |
-------------",9,52,16,0.0009933000001183245,18
manhattan,"-------------
| 3 | 1 | 2 |
-------------
| 7 | 6 |   |
-------------
| 4 | 8 | 5 |
-------------",9,53,17,0.0017655999981798232,18
out_of_position,"-------------
| 3 | 1 | 2 |
-------------
| 7 | 6 |   |
-------------
| 4 | 8 | 5 |
-------------",9,42,12,0.0008954999975685496,15
misplaced,"-------------
| 3 | 1 | 2 |
-------------
| 4 | 7 | 5 |
-------------
| 6 |   | 8 |
-------------",3,12,6,9.420000060345046e-05,3
euclidean,"-------------
| 3 | 1 | 2 |
-------------
| 4 | 7 | 5 |
-------------
| 6 |   | 8 |
-------------",3,12,6,0.00016210000103455968,3
manhattan,"-------------
| 3 | 1 | 2 |
-------------
| 4 | 7 | 5 |
-------------
| 6 |   | 8 |
-------------",3,12,6,0.0001497999983257614,3
out_of_position,"-------------
| 3 | 1 | 2 |
-------------
| 4 | 7 | 5 |
-------------
| 6 |   | 8 |
-------------",3,12,6,0.00016229999891947955,3
misplaced,"-------------
| 1 | 2 | 5 |
-------------
| 3 | 4 | 8 |
-------------
| 6 |   | 7 |
-------------",5,15,5,0.00018009999985224567,5
euclidean,"-------------
| 1 | 2 | 5 |
-------------
| 3 | 4 | 8 |
-------------
| 6 |   | 7 |
-------------",5,15,5,0.00035740000021178275,5
manhattan,"-------------
| 1 | 2 | 5 |
-------------
| 3 | 4 | 8 |
-------------
| 6 |   | 7 |
-------------",5,21,7,0.00032750000173109584,7
out_of_position,"-------------
| 1 | 2 | 5 |
-------------
| 3 | 4 | 8 |
-------------
| 6 |   | 7 |
-------------",5,15,5,0.00020170000061625615,5
misplaced,"-------------
| 1 | 4 | 2 |
-------------
| 6 | 3 | 5 |
-------------
| 7 |   | 8 |
-------------",5,19,7,0.00016590000086580403,6
euclidean,"-------------
| 1 | 4 | 2 |
-------------
| 6 | 3 | 5 |
-------------
| 7 |   | 8 |
-------------",5,19,7,0.000267100000201026,6
manhattan,"-------------
| 1 | 4 | 2 |
-------------
| 6 | 3 | 5 |
-------------
| 7 |   | 8 |
-------------",5,19,7,0.00027770000087912194,6
out_of_position,"-------------
| 1 | 4 | 2 |
-------------
| 6 | 3 | 5 |
-------------
| 7 |   | 8 |
-------------",5,19,7,0.0004104999970877543,6
misplaced,"-------------
| 3 |   | 2 |
-------------
| 4 | 1 | 5 |
-------------
| 6 | 7 | 8 |
-------------",3,14,6,0.00014480000027106144,4
euclidean,"-------------
| 3 |   | 2 |
-------------
| 4 | 1 | 5 |
-------------
| 6 | 7 | 8 |
-------------",3,12,6,0.0003528000015649013,3
manhattan,"-------------
| 3 |   | 2 |
-------------
| 4 | 1 | 5 |
-------------
| 6 | 7 | 8 |
-------------",3,12,6,0.0002683000020624604,3
out_of_position,"-------------
| 3 |   | 2 |
-------------
| 4 | 1 | 5 |
-------------
| 6 | 7 | 8 |
-------------",3,12,6,0.00020080000103916973,3
misplaced,"-------------
| 3 | 1 | 2 |
-------------
| 7 | 5 |   |
-------------
| 4 | 6 | 8 |
-------------",7,40,12,0.0007009000000834931,14
euclidean,"-------------
| 3 | 1 | 2 |
-------------
| 7 | 5 |   |
-------------
| 4 | 6 | 8 |
-------------",7,29,11,0.0005293000031088013,9
manhattan,"-------------
| 3 | 1 | 2 |
-------------
| 7 | 5 |   |
-------------
| 4 | 6 | 8 |
-------------",7,32,12,0.0005397000022639986,10
out_of_position,"-------------
| 3 | 1 | 2 |
-------------
| 7 | 5 |   |
-------------
| 4 | 6 | 8 |
-------------",7,26,10,0.0003720999993674923,8
misplaced,"-------------
| 3 | 2 | 4 |
-------------
| 6 | 1 |   |
-------------
| 7 | 8 | 5 |
-------------",9,60,20,0.000864099998580059,20
euclidean,"-------------
| 3 | 2 | 4 |
-------------
| 6 | 1 |   |
-------------
| 7 | 8 | 5 |
-------------",9,57,17,0.001419999996869592,20
manhattan,"-------------
| 3 | 2 | 4 |
-------------
| 6 | 1 |   |
-------------
| 7 | 8 | 5 |
-------------",9,55,15,0.0010646000009728596,20
out_of_position,"-------------
| 3 | 2 | 4 |
-------------
| 6 | 1 |   |
-------------
| 7 | 8 | 5 |
-------------",9,46,12,0.0007612000008521136,17
misplaced,"-------------
| 3 | 1 | 2 |
-------------
| 4 | 5 | 8 |
-------------
| 6 |   | 7 |
-------------",5,17,7,0.00014830000145593658,5
euclidean,"-------------
| 3 | 1 | 2 |
-------------
| 4 | 5 | 8 |
-------------
| 6 |   | 7 |
-------------",5,26,10,0.0005175999976927415,8
manhattan,"-------------
| 3 | 1 | 2 |
-------------
| 4 | 5 | 8 |
-------------
| 6 |   | 7 |
-------------",5,28,10,0.0004341000021668151,9
out_of_position,"-------------
| 3 | 1 | 2 |
-------------
| 4 | 5 | 8 |
-------------
| 6 |   | 7 |
-------------",5,17,7,0.00022870000248076394,5
misplaced,"-------------
| 1 | 5 | 4 |
-------------
| 3 | 7 |   |
-------------
| 6 | 8 | 2 |
-------------",9,80,22,0.0013136999987182207,29
euclidean,"-------------
| 1 | 5 | 4 |
-------------
| 3 | 7 |   |
-------------
| 6 | 8 | 2 |
-------------",9,50,16,0.0009304000013798941,17
manhattan,"-------------
| 1 | 5 | 4 |
-------------
| 3 | 7 |   |
-------------
| 6 | 8 | 2 |
-------------",9,47,15,0.0009890000001178123,16
out_of_position,"-------------
| 1 | 5 | 4 |
-------------
| 3 | 7 |   |
-------------
| 6 | 8 | 2 |
-------------",9,50,16,0.0009079000010387972,17
misplaced,"-------------
| 1 |   | 5 |
-------------
| 3 | 2 | 7 |
-------------
| 4 | 6 | 8 |
-------------",11,182,48,0.005711599998903694,67
euclidean,"-------------
| 1 |   | 5 |
-------------
| 3 | 2 | 7 |
-------------
| 4 | 6 | 8 |
-------------",11,93,29,0.0029981000006955583,32
manhattan,"-------------
| 1 |   | 5 |
-------------
| 3 | 2 | 7 |
-------------
| 4 | 6 | 8 |
-------------",11,68,20,0.0013192000005801674,24
out_of_position,"-------------
| 1 |   | 5 |
-------------
| 3 | 2 | 7 |
-------------
| 4 | 6 | 8 |
-------------",11,72,20,0.0014241999997466337,26
misplaced,"-------------
| 4 | 3 | 2 |
-------------
|   | 1 | 8 |
-------------
| 6 | 5 | 7 |
-------------",9,82,24,0.0014323999967018608,29
euclidean,"-------------
| 4 | 3 | 2 |
-------------
|   | 1 | 8 |
-------------
| 6 | 5 | 7 |
-------------",9,54,18,0.001467000001866836,18
manhattan,"-------------
| 4 | 3 | 2 |
-------------
|   | 1 | 8 |
-------------
| 6 | 5 | 7 |
-------------",9,57,17,0.0011266000001342036,20
out_of_position,"-------------
| 4 | 3 | 2 |
-------------
|   | 1 | 8 |
-------------
| 6 | 5 | 7 |
-------------",9,34,12,0.0005138000014994759,11
misplaced,"-------------
| 3 | 4 | 1 |
-------------
| 7 | 6 | 2 |
-------------
| 8 |   | 5 |
-------------",11,143,35,0.003559999997378327,54
euclidean,"-------------
| 3 | 4 | 1 |
-------------
| 7 | 6 | 2 |
-------------
| 8 |   | 5 |
-------------",11,69,19,0.0021703999991586898,25
manhattan,"-------------
| 3 | 4 | 1 |
-------------
| 7 | 6 | 2 |
-------------
| 8 |   | 5 |
-------------",11,78,20,0.00164789999689674,29
out_of_position,"-------------
| 3 | 4 | 1 |
-------------
| 7 | 6 | 2 |
-------------
| 8 |   | 5 |
-------------",11,74,18,0.001670399997237837,28
misplaced,"-------------
| 1 |   | 4 |
-------------
| 3 | 5 | 2 |
-------------
| 6 | 7 | 8 |
-------------",5,23,9,0.0002187000027333852,7
euclidean,"-------------
| 1 |   | 4 |
-------------
| 3 | 5 | 2 |
-------------
| 6 | 7 | 8 |
-------------",5,19,7,0.00026450000223121606,6
manhattan,"-------------
| 1 |   | 4 |
-------------
| 3 | 5 | 2 |
-------------
| 6 | 7 | 8 |
-------------",5,22,8,0.0005697999986296054,7
out_of_position,"-------------
| 1 |   | 4 |
-------------
| 3 | 5 | 2 |
-------------
| 6 | 7 | 8 |
-------------",5,19,7,0.00029009999707341194,6
misplaced,"-------------
| 3 | 1 | 2 |
-------------
|   | 4 | 5 |
-------------
| 6 | 7 | 8 |
-------------",1,5,3,3.740000101970509e-05,1
euclidean,"-------------
| 3 | 1 | 2 |
-------------
|   | 4 | 5 |
-------------
| 6 | 7 | 8 |
-------------",1,5,3,6.360000043059699e-05,1
manhattan,"-------------
| 3 | 1 | 2 |
-------------
|   | 4 | 5 |
-------------
| 6 | 7 | 8 |
-------------",1,5,3,6.960000246181153e-05,1
out_of_position,"-------------
| 3 | 1 | 2 |
-------------
|   | 4 | 5 |
-------------
| 6 | 7 | 8 |
-------------",1,5,3,5.48999996681232e-05,1
misplaced,"-------------
| 7 | 1 | 2 |
-------------
|   | 3 | 5 |
-------------
| 6 | 4 | 8 |
-------------",13,567,133,0.07263040000179899,217
euclidean,"-------------
| 7 | 1 | 2 |
-------------
|   | 3 | 5 |
-------------
| 6 | 4 | 8 |
-------------",13,334,86,0.05169970000133617,124
manhattan,"-------------
| 7 | 1 | 2 |
-------------
|   | 3 | 5 |
-------------
| 6 | 4 | 8 |
-------------",13,330,88,0.0344952999985253,121
out_of_position,"-------------
| 7 | 1 | 2 |
-------------
|   | 3 | 5 |
-------------
| 6 | 4 | 8 |
-------------",13,388,96,0.04972210000050836,146
misplaced,"-------------
| 1 |   | 2 |
-------------
| 3 | 4 | 5 |
-------------
| 6 | 7 | 8 |
-------------",1,5,3,7.019999975454994e-05,1
euclidean,"-------------
| 1 |   | 2 |
-------------
| 3 | 4 | 5 |
-------------
| 6 | 7 | 8 |
-------------",1,5,3,0.0001396000006934628,1
manhattan,"-------------
| 1 |   | 2 |
-------------
| 3 | 4 | 5 |
-------------
| 6 | 7 | 8 |
-------------",1,5,3,0.00011850000009872019,1
out_of_position,"-------------
| 1 |   | 2 |
-------------
| 3 | 4 | 5 |
-------------
| 6 | 7 | 8 |
-------------",1,5,3,0.0001640999980736524,1
misplaced,"-------------
| 1 | 4 | 2 |
-------------
| 3 | 5 | 8 |
-------------
| 6 |   | 7 |
-------------",5,17,7,0.000192599996807985,5
euclidean,"-------------
| 1 | 4 | 2 |
-------------
| 3 | 5 | 8 |
-------------
| 6 |   | 7 |
-------------",5,26,10,0.0012419999984558672,8
manhattan,"-------------
| 1 | 4 | 2 |
-------------
| 3 | 5 | 8 |
-------------
| 6 |   | 7 |
-------------",5,28,10,0.0004819000023417175,9
out_of_position,"-------------
| 1 | 4 | 2 |
-------------
| 3 | 5 | 8 |
-------------
| 6 |   | 7 |
-------------",5,17,7,0.0002537000000302214,5
misplaced,"-------------
| 3 | 1 | 2 |
-------------
| 6 | 5 |   |
-------------
| 7 | 4 | 8 |
-------------",5,17,7,0.00014659999942523427,5
euclidean,"-------------
| 3 | 1 | 2 |
-------------
| 6 | 5 |   |
-------------
| 7 | 4 | 8 |
-------------",5,17,7,0.0004627999987860676,5
manhattan,"-------------
| 3 | 1 | 2 |
-------------
| 6 | 5 |   |
-------------
| 7 | 4 | 8 |
-------------",5,20,8,0.000363799998012837,6
out_of_position,"-------------
| 3 | 1 | 2 |
-------------
| 6 | 5 |   |
-------------
| 7 | 4 | 8 |
-------------",5,17,7,0.0002542000001994893,5
misplaced,"-------------
| 1 | 7 | 4 |
-------------
|   | 3 | 2 |
-------------
| 6 | 8 | 5 |
-------------",9,57,17,0.0008013999977265485,20
euclidean,"-------------
| 1 | 7 | 4 |
-------------
|   | 3 | 2 |
-------------
| 6 | 8 | 5 |
-------------",9,36,12,0.0006047999995644204,12
manhattan,"-------------
| 1 | 7 | 4 |
-------------
|   | 3 | 2 |
-------------
| 6 | 8 | 5 |
-------------",9,38,12,0.0006580000008398201,13
out_of_position,"-------------
| 1 | 7 | 4 |
-------------
|   | 3 | 2 |
-------------
| 6 | 8 | 5 |
-------------",9,35,11,0.0007257999968715012,12
misplaced,"-------------
| 1 | 4 | 2 |
-------------
|   | 5 | 8 |
-------------
| 3 | 6 | 7 |
-------------",7,24,8,0.00022820000231149606,8
euclidean,"-------------
| 1 | 4 | 2 |
-------------
|   | 5 | 8 |
-------------
| 3 | 6 | 7 |
-------------",7,33,11,0.0005326999998942483,11
manhattan,"-------------
| 1 | 4 | 2 |
-------------
|   | 5 | 8 |
-------------
| 3 | 6 | 7 |
-------------",7,42,14,0.0006843000010121614,14
out_of_position,"-------------
| 1 | 4 | 2 |
-------------
|   | 5 | 8 |
-------------
| 3 | 6 | 7 |
-------------",7,24,8,0.0003501999999571126,8
misplaced,"-------------
| 1 | 4 | 2 |
-------------
|   | 5 | 8 |
-------------
| 3 | 6 | 7 |
-------------",7,24,8,0.0002550000026531052,8
euclidean,"-------------
| 1 | 4 | 2 |
-------------
|   | 5 | 8 |
-------------
| 3 | 6 | 7 |
-------------",7,33,11,0.0006886000010126736,11
manhattan,"-------------
| 1 | 4 | 2 |
-------------
|   | 5 | 8 |
-------------
| 3 | 6 | 7 |
-------------",7,42,14,0.0007589999986521434,14
out_of_position,"-------------
| 1 | 4 | 2 |
-------------
|   | 5 | 8 |
-------------
| 3 | 6 | 7 |
-------------",7,24,8,0.0003541000005498063,8
misplaced,"-------------
| 1 | 2 | 8 |
-------------
| 5 | 4 |   |
-------------
| 3 | 6 | 7 |
-------------",11,149,43,0.004014699999970617,53
euclidean,"-------------
| 1 | 2 | 8 |
-------------
| 5 | 4 |   |
-------------
| 3 | 6 | 7 |
-------------",11,99,31,0.0030670999985886738,34
manhattan,"-------------
| 1 | 2 | 8 |
-------------
| 5 | 4 |   |
-------------
| 3 | 6 | 7 |
-------------",11,95,29,0.002235099997051293,33
out_of_position,"-------------
| 1 | 2 | 8 |
-------------
| 5 | 4 |   |
-------------
| 3 | 6 | 7 |
-------------",11,86,22,0.0018806999978551175,32
misplaced,"-------------
| 3 |   | 1 |
-------------
| 4 | 5 | 2 |
-------------
| 6 | 7 | 8 |
-------------",5,19,7,0.0003099999994446989,6
euclidean,"-------------
| 3 |   | 1 |
-------------
| 4 | 5 | 2 |
-------------
| 6 | 7 | 8 |
-------------",5,19,7,0.00031769999986863695,6
manhattan,"-------------
| 3 |   | 1 |
-------------
| 4 | 5 | 2 |
-------------
| 6 | 7 | 8 |
-------------",5,19,7,0.00027739999859477393,6
out_of_position,"-------------
| 3 |   | 1 |
-------------
| 4 | 5 | 2 |
-------------
| 6 | 7 | 8 |
-------------",5,19,7,0.0002505000011296943,6
misplaced,"-------------
| 3 | 1 | 4 |
-------------
|   | 6 | 2 |
-------------
| 7 | 5 | 8 |
-------------",11,182,48,0.006042899996828055,67
euclidean,"-------------
| 3 | 1 | 4 |
-------------
|   | 6 | 2 |
-------------
| 7 | 5 | 8 |
-------------",11,93,29,0.002337099998840131,32
manhattan,"-------------
| 3 | 1 | 4 |
-------------
|   | 6 | 2 |
-------------
| 7 | 5 | 8 |
-------------",11,68,20,0.0013515000027837232,24
out_of_position,"-------------
| 3 | 1 | 4 |
-------------
|   | 6 | 2 |
-------------
| 7 | 5 | 8 |
-------------",11,72,20,0.0014878000001772307,26
misplaced,"-------------
| 3 |   | 2 |
-------------
| 4 | 1 | 5 |
-------------
| 6 | 7 | 8 |
-------------",3,14,6,0.00013939999917056412,4
euclidean,"-------------
| 3 |   | 2 |
-------------
| 4 | 1 | 5 |
-------------
| 6 | 7 | 8 |
-------------",3,12,6,0.0001878000002761837,3
manhattan,"-------------
| 3 |   | 2 |
-------------
| 4 | 1 | 5 |
-------------
| 6 | 7 | 8 |
-------------",3,12,6,0.000158200000441866,3
out_of_position,"-------------
| 3 |   | 2 |
-------------
| 4 | 1 | 5 |
-------------
| 6 | 7 | 8 |
-------------",3,12,6,0.00016590000086580403,3
misplaced,"-------------
| 1 |   | 4 |
-------------
| 3 | 8 | 2 |
-------------
| 6 | 5 | 7 |
-------------",9,76,24,0.0012136000004829839,26
euclidean,"-------------
| 1 |   | 4 |
-------------
| 3 | 8 | 2 |
-------------
| 6 | 5 | 7 |
-------------",9,49,17,0.0009968999984266702,16
manhattan,"-------------
| 1 |   | 4 |
-------------
| 3 | 8 | 2 |
-------------
| 6 | 5 | 7 |
-------------",9,53,17,0.0010469999979250133,18
out_of_position,"-------------
| 1 |   | 4 |
-------------
| 3 | 8 | 2 |
-------------
| 6 | 5 | 7 |
-------------",9,36,12,0.0005467000009957701,12
misplaced,"-------------
| 1 | 2 | 5 |
-------------
| 6 | 3 | 8 |
-------------
| 4 |   | 7 |
-------------",9,60,20,0.0008920000000216532,20
euclidean,"-------------
| 1 | 2 | 5 |
-------------
| 6 | 3 | 8 |
-------------
| 4 |   | 7 |
-------------",9,57,17,0.0010633000019879546,20
manhattan,"-------------
| 1 | 2 | 5 |
-------------
| 6 | 3 | 8 |
-------------
| 4 |   | 7 |
-------------",9,55,15,0.0012499000004027039,20
out_of_position,"-------------
| 1 | 2 | 5 |
-------------
| 6 | 3 | 8 |
-------------
| 4 |   | 7 |
-------------",9,46,12,0.0008133000010275282,17
misplaced,"-------------
| 1 | 4 | 2 |
-------------
| 3 | 7 | 5 |
-------------
| 6 |   | 8 |
-------------",3,12,6,9.230000068782829e-05,3
euclidean,"-------------
| 1 | 4 | 2 |
-------------
| 3 | 7 | 5 |
-------------
| 6 |   | 8 |
-------------",3,12,6,0.00018869999985327013,3
manhattan,"-------------
| 1 | 4 | 2 |
-------------
| 3 | 7 | 5 |
-------------
| 6 |   | 8 |
-------------",3,12,6,0.00015020000137155876,3
out_of_position,"-------------
| 1 | 4 | 2 |
-------------
| 3 | 7 | 5 |
-------------
| 6 |   | 8 |
-------------",3,12,6,0.0001688999982434325,3
misplaced,"-------------
| 1 | 2 | 5 |
-------------
| 3 | 7 | 4 |
-------------
| 6 |   | 8 |
-------------",5,17,7,0.00016139999934239313,5
euclidean,"-------------
| 1 | 2 | 5 |
-------------
| 3 | 7 | 4 |
-------------
| 6 |   | 8 |
-------------",5,17,7,0.00031379999927594326,5
manhattan,"-------------
| 1 | 2 | 5 |
-------------
| 3 | 7 | 4 |
-------------
| 6 |   | 8 |
-------------",5,25,9,0.0003483000000414904,8
out_of_position,"-------------
| 1 | 2 | 5 |
-------------
| 3 | 7 | 4 |
-------------
| 6 |   | 8 |
-------------",5,17,7,0.00022109999918029644,5
misplaced,"-------------
| 7 | 4 | 1 |
-------------
| 3 | 8 | 2 |
-------------
| 6 |   | 5 |
-------------",13,476,114,0.03671879999819794,181
euclidean,"-------------
| 7 | 4 | 1 |
-------------
| 3 | 8 | 2 |
-------------
| 6 |   | 5 |
-------------",13,284,76,0.016327200002706377,104
manhattan,"-------------
| 7 | 4 | 1 |
-------------
| 3 | 8 | 2 |
-------------
| 6 |   | 5 |
-------------",13,257,67,0.012264500001037959,95
out_of_position,"-------------
| 7 | 4 | 1 |
-------------
| 3 | 8 | 2 |
-------------
| 6 |   | 5 |
-------------",13,254,60,0.01174900000114576,97
misplaced,"-------------
| 1 | 4 | 2 |
-------------
|   | 6 | 7 |
-------------
| 8 | 3 | 5 |
-------------",11,169,43,0.006648000002314802,63
euclidean,"-------------
| 1 | 4 | 2 |
-------------
|   | 6 | 7 |
-------------
| 8 | 3 | 5 |
-------------",11,83,25,0.0020261999998183455,29
manhattan,"-------------
| 1 | 4 | 2 |
-------------
|   | 6 | 7 |
-------------
| 8 | 3 | 5 |
-------------",11,71,19,0.0022656999972241465,26
out_of_position,"-------------
| 1 | 4 | 2 |
-------------
|   | 6 | 7 |
-------------
| 8 | 3 | 5 |
-------------",11,84,24,0.0019203999981982633,30
misplaced,"-------------
| 4 | 3 | 2 |
-------------
|   | 1 | 5 |
-------------
| 6 | 7 | 8 |
-------------",5,28,10,0.0003214999996998813,9
euclidean,"-------------
| 4 | 3 | 2 |
-------------
|   | 1 | 5 |
-------------
| 6 | 7 | 8 |
-------------",5,17,7,0.0002902999985963106,5
manhattan,"-------------
| 4 | 3 | 2 |
-------------
|   | 1 | 5 |
-------------
| 6 | 7 | 8 |
-------------",5,17,7,0.0003116999978374224,5
out_of_position,"-------------
| 4 | 3 | 2 |
-------------
|   | 1 | 5 |
-------------
| 6 | 7 | 8 |
-------------",5,17,7,0.00024029999985941686,5
misplaced,"-------------
| 4 |   | 3 |
-------------
| 1 | 5 | 2 |
-------------
| 6 | 7 | 8 |
-------------",9,108,30,0.00254020000284072,39
euclidean,"-------------
| 4 |   | 3 |
-------------
| 1 | 5 | 2 |
-------------
| 6 | 7 | 8 |
-------------",9,51,17,0.001000600001134444,17
manhattan,"-------------
| 4 |   | 3 |
-------------
| 1 | 5 | 2 |
-------------
| 6 | 7 | 8 |
-------------",9,42,14,0.0009228000017174054,14
out_of_position,"-------------
| 4 |   | 3 |
-------------
| 1 | 5 | 2 |
-------------
| 6 | 7 | 8 |
-------------",9,55,17,0.000974599999608472,19
misplaced,"-------------
| 3 |   | 2 |
-------------
| 4 | 8 | 5 |
-------------
| 6 | 1 | 7 |
-------------",11,209,57,0.009226800000760704,76
euclidean,"-------------
| 3 |   | 2 |
-------------
| 4 | 8 | 5 |
-------------
| 6 | 1 | 7 |
-------------",11,115,33,0.00477859999955399,41
manhattan,"-------------
| 3 |   | 2 |
-------------
| 4 | 8 | 5 |
-------------
| 6 | 1 | 7 |
-------------",11,126,34,0.0034349000015936326,46
out_of_position,"-------------
| 3 |   | 2 |
-------------
| 4 | 8 | 5 |
-------------
| 6 | 1 | 7 |
-------------",11,126,32,0.004517700002907077,47
misplaced,"-------------
| 3 | 1 | 4 |
-------------
|   | 6 | 2 |
-------------
| 7 | 5 | 8 |
-------------",11,182,48,0.00744969999868772,67
euclidean,"-------------
| 3 | 1 | 4 |
-------------
|   | 6 | 2 |
-------------
| 7 | 5 | 8 |
-------------",11,93,29,0.002378699999098899,32
manhattan,"-------------
| 3 | 1 | 4 |
-------------
|   | 6 | 2 |
-------------
| 7 | 5 | 8 |
-------------",11,68,20,0.002457399998093024,24
out_of_position,"-------------
| 3 | 1 | 4 |
-------------
|   | 6 | 2 |
-------------
| 7 | 5 | 8 |
-------------",11,72,20,0.0018770999995467719,26
misplaced,"-------------
| 6 | 1 | 2 |
-------------
|   | 4 | 5 |
-------------
| 7 | 3 | 8 |
-------------",9,113,29,0.002547000000049593,42
euclidean,"-------------
| 6 | 1 | 2 |
-------------
|   | 4 | 5 |
-------------
| 7 | 3 | 8 |
-------------",9,77,23,0.0027157000004081056,27
manhattan,"-------------
| 6 | 1 | 2 |
-------------
|   | 4 | 5 |
-------------
| 7 | 3 | 8 |
-------------",9,77,23,0.0016275999987556133,27
out_of_position,"-------------
| 6 | 1 | 2 |
-------------
|   | 4 | 5 |
-------------
| 7 | 3 | 8 |
-------------",9,88,24,0.0021527999997488223,32
misplaced,"-------------
| 3 | 2 | 5 |
-------------
|   | 6 | 1 |
-------------
| 7 | 4 | 8 |
-------------",9,70,20,0.0010696999997890089,25
euclidean,"-------------
| 3 | 2 | 5 |
-------------
|   | 6 | 1 |
-------------
| 7 | 4 | 8 |
-------------",9,49,15,0.0016572999993513804,17
manhattan,"-------------
| 3 | 2 | 5 |
-------------
|   | 6 | 1 |
-------------
| 7 | 4 | 8 |
-------------",9,52,16,0.001159799998276867,18
out_of_position,"-------------
| 3 | 2 | 5 |
-------------
|   | 6 | 1 |
-------------
| 7 | 4 | 8 |
-------------",9,49,15,0.000858300001709722,17
misplaced,"-------------
| 6 | 1 | 4 |
-------------
| 8 | 3 | 2 |
-------------
| 5 |   | 7 |
-------------",17,2236,518,0.7805004000001645,859
euclidean,"-------------
| 6 | 1 | 4 |
-------------
| 8 | 3 | 2 |
-------------
| 5 |   | 7 |
-------------",17,653,155,0.07403139999951236,249
manhattan,"-------------
| 6 | 1 | 4 |
-------------
| 8 | 3 | 2 |
-------------
| 5 |   | 7 |
-------------",17,566,134,0.06722960000115563,216
out_of_position,"-------------
| 6 | 1 | 4 |
-------------
| 8 | 3 | 2 |
-------------
| 5 |   | 7 |
-------------",17,919,199,0.20336649999808287,360
misplaced,"-------------
| 4 | 3 | 2 |
-------------
|   | 1 | 5 |
-------------
| 6 | 7 | 8 |
-------------",5,28,10,0.00033489999987068586,9
euclidean,"-------------
| 4 | 3 | 2 |
-------------
|   | 1 | 5 |
-------------
| 6 | 7 | 8 |
-------------",5,17,7,0.0006960000027902424,5
manhattan,"-------------
| 4 | 3 | 2 |
-------------
|   | 1 | 5 |
-------------
| 6 | 7 | 8 |
-------------",5,17,7,0.0002700000004551839,5
out_of_position,"-------------
| 4 | 3 | 2 |
-------------
|   | 1 | 5 |
-------------
| 6 | 7 | 8 |
-------------",5,17,7,0.00034299999970244244,5
misplaced,"-------------
| 4 | 3 | 2 |
-------------
|   | 1 | 5 |
-------------
| 6 | 7 | 8 |
-------------",5,28,10,0.0005485000001499429,9
euclidean,"-------------
| 4 | 3 | 2 |
-------------
|   | 1 | 5 |
-------------
| 6 | 7 | 8 |
-------------",5,17,7,0.0002739000010478776,5
manhattan,"-------------
| 4 | 3 | 2 |
-------------
|   | 1 | 5 |
-------------
| 6 | 7 | 8 |
-------------",5,17,7,0.0003161000022373628,5
out_of_position,"-------------
| 4 | 3 | 2 |
-------------
|   | 1 | 5 |
-------------
| 6 | 7 | 8 |
-------------",5,17,7,0.00023559999681310728,5
misplaced,"-------------
| 2 |   | 5 |
-------------
| 4 | 3 | 8 |
-------------
| 1 | 6 | 7 |
-------------",13,390,102,0.03067190000001574,144
euclidean,"-------------
| 2 |   | 5 |
-------------
| 4 | 3 | 8 |
-------------
| 1 | 6 | 7 |
-------------",13,69,21,0.0019366000014997553,24
manhattan,"-------------
| 2 |   | 5 |
-------------
| 4 | 3 | 8 |
-------------
| 1 | 6 | 7 |
-------------",13,74,22,0.0023795000015525147,26
out_of_position,"-------------
| 2 |   | 5 |
-------------
| 4 | 3 | 8 |
-------------
| 1 | 6 | 7 |
-------------",13,124,32,0.004022000000986736,46
misplaced,"-------------
| 4 | 3 | 2 |
-------------
| 6 | 1 | 5 |
-------------
| 7 |   | 8 |
-------------",7,47,15,0.0006485999983851798,16
euclidean,"-------------
| 4 | 3 | 2 |
-------------
| 6 | 1 | 5 |
-------------
| 7 |   | 8 |
-------------",7,22,8,0.0003892999993695412,7
manhattan,"-------------
| 4 | 3 | 2 |
-------------
| 6 | 1 | 5 |
-------------
| 7 |   | 8 |
-------------",7,22,8,0.00037030000021331944,7
out_of_position,"-------------
| 4 | 3 | 2 |
-------------
| 6 | 1 | 5 |
-------------
| 7 |   | 8 |
-------------",7,22,8,0.000572900000406662,7
misplaced,"-------------
| 3 |   | 2 |
-------------
| 4 | 1 | 5 |
-------------
| 6 | 7 | 8 |
-------------",3,14,6,0.00030900000274414197,4
euclidean,"-------------
| 3 |   | 2 |
-------------
| 4 | 1 | 5 |
-------------
| 6 | 7 | 8 |
-------------",3,12,6,0.0003598000002966728,3
manhattan,"-------------
| 3 |   | 2 |
-------------
| 4 | 1 | 5 |
-------------
| 6 | 7 | 8 |
-------------",3,12,6,0.00019809999866993167,3
out_of_position,"-------------
| 3 |   | 2 |
-------------
| 4 | 1 | 5 |
-------------
| 6 | 7 | 8 |
-------------",3,12,6,0.000163800003065262,3
misplaced,"-------------
| 2 | 4 | 5 |
-------------
| 1 | 8 |   |
-------------
| 3 | 6 | 7 |
-------------",11,161,41,0.00576809999984107,60
euclidean,"-------------
| 2 | 4 | 5 |
-------------
| 1 | 8 |   |
-------------
| 3 | 6 | 7 |
-------------",11,68,16,0.001592499997059349,26
manhattan,"-------------
| 2 | 4 | 5 |
-------------
| 1 | 8 |   |
-------------
| 3 | 6 | 7 |
-------------",11,83,23,0.0023898999970697332,30
out_of_position,"-------------
| 2 | 4 | 5 |
-------------
| 1 | 8 |   |
-------------
| 3 | 6 | 7 |
-------------",11,72,18,0.0015093000001797918,27
misplaced,"-------------
| 1 |   | 2 |
-------------
| 3 | 4 | 5 |
-------------
| 6 | 7 | 8 |
-------------",1,5,3,0.00014209999790182337,1
euclidean,"-------------
| 1 |   | 2 |
-------------
| 3 | 4 | 5 |
-------------
| 6 | 7 | 8 |
-------------",1,5,3,8.81000014487654e-05,1
manhattan,"-------------
| 1 |   | 2 |
-------------
| 3 | 4 | 5 |
-------------
| 6 | 7 | 8 |
-------------",1,5,3,9.259999933419749e-05,1
out_of_position,"-------------
| 1 |   | 2 |
-------------
| 3 | 4 | 5 |
-------------
| 6 | 7 | 8 |
-------------",1,5,3,6.740000026184134e-05,1
misplaced,"-------------
| 4 |   | 5 |
-------------
| 1 | 2 | 3 |
-------------
| 6 | 7 | 8 |
-------------",9,102,28,0.00316229999953066,37
euclidean,"-------------
| 4 |   | 5 |
-------------
| 1 | 2 | 3 |
-------------
| 6 | 7 | 8 |
-------------",9,39,13,0.0007006999985605944,13
manhattan,"-------------
| 4 |   | 5 |
-------------
| 1 | 2 | 3 |
-------------
| 6 | 7 | 8 |
-------------",9,39,13,0.000627500001428416,13
out_of_position,"-------------
| 4 |   | 5 |
-------------
| 1 | 2 | 3 |
-------------
| 6 | 7 | 8 |
-------------",9,62,18,0.0018341000031796284,22
misplaced,"-------------
| 3 |   | 2 |
-------------
| 5 | 1 | 8 |
-------------
| 6 | 7 | 4 |
-------------",11,205,53,0.007046099999570288,76
euclidean,"-------------
| 3 |   | 2 |
-------------
| 5 | 1 | 8 |
-------------
| 6 | 7 | 4 |
-------------",11,146,40,0.004735800001071766,53
manhattan,"-------------
| 3 |   | 2 |
-------------
| 5 | 1 | 8 |
-------------
| 6 | 7 | 4 |
-------------",11,156,44,0.00955469999826164,56
out_of_position,"-------------
| 3 |   | 2 |
-------------
| 5 | 1 | 8 |
-------------
| 6 | 7 | 4 |
-------------",11,139,37,0.005204799999773968,51
misplaced,"-------------
| 1 | 5 | 4 |
-------------
| 3 | 2 |   |
-------------
| 6 | 7 | 8 |
-------------",7,50,14,0.0007077000009303447,18
euclidean,"-------------
| 1 | 5 | 4 |
-------------
| 3 | 2 |   |
-------------
| 6 | 7 | 8 |
-------------",7,38,12,0.0006521000032080337,13
manhattan,"-------------
| 1 | 5 | 4 |
-------------
| 3 | 2 |   |
-------------
| 6 | 7 | 8 |
-------------",7,47,15,0.0013328000022738706,16
out_of_position,"-------------
| 1 | 5 | 4 |
-------------
| 3 | 2 |   |
-------------
| 6 | 7 | 8 |
-------------",7,37,11,0.0006117999982961919,13
misplaced,"-------------
| 1 |   | 2 |
-------------
| 3 | 4 | 5 |
-------------
| 6 | 7 | 8 |
-------------",1,5,3,4.470000203582458e-05,1
euclidean,"-------------
| 1 |   | 2 |
-------------
| 3 | 4 | 5 |
-------------
| 6 | 7 | 8 |
-------------",1,5,3,0.00011040000026696362,1
manhattan,"-------------
| 1 |   | 2 |
-------------
| 3 | 4 | 5 |
-------------
| 6 | 7 | 8 |
-------------",1,5,3,0.00016250000044237822,1
out_of_position,"-------------
| 1 |   | 2 |
-------------
| 3 | 4 | 5 |
-------------
| 6 | 7 | 8 |
-------------",1,5,3,7.609999738633633e-05,1
misplaced,"-------------
| 1 | 5 | 4 |
-------------
| 7 | 2 |   |
-------------
| 3 | 6 | 8 |
-------------",11,188,50,0.006081299998186296,69
euclidean,"-------------
| 1 | 5 | 4 |
-------------
| 7 | 2 |   |
-------------
| 3 | 6 | 8 |
-------------",11,109,31,0.0035050999977102038,39
manhattan,"-------------
| 1 | 5 | 4 |
-------------
| 7 | 2 |   |
-------------
| 3 | 6 | 8 |
-------------",11,103,29,0.002549400000134483,37
out_of_position,"-------------
| 1 | 5 | 4 |
-------------
| 7 | 2 |   |
-------------
| 3 | 6 | 8 |
-------------",11,111,27,0.0028635000016947743,42
